{
  "Open": {
    "mae": 9.36335928643851,
    "rmse": 10.261424147192242,
    "mape": 0.07831394568203852,
    "evs": 0.0
  },
  "High": {
    "mae": 8.357382348845903,
    "rmse": 9.289468372500231,
    "mape": 0.06933287493834689,
    "evs": 0.0
  },
  "Low": {
    "mae": 8.918011439505532,
    "rmse": 9.818628670992062,
    "mape": 0.07492030824555605,
    "evs": 0.0
  },
  "Close": {
    "mae": 7.9281476771790915,
    "rmse": 8.861748027161786,
    "mape": 0.06602680129506741,
    "evs": -2.220446049250313e-16
  },
  "summary": {
    "mae": 8.64172518799226,
    "rmse": 9.557817304461581,
    "mape": 0.07214848254025222,
    "evs": -5.551115123125783e-17
  }
}